{"stats":{"minecraft:used":{"apocalypsenow:wooden_fire_axe":1},"minecraft:dropped":{"walkietalkie:netherite_walkietalkie":1},"minecraft:custom":{"minecraft:jump":18,"minecraft:open_chest":1,"minecraft:time_since_rest":5967,"minecraft:damage_dealt":84,"minecraft:crouch_one_cm":84,"minecraft:walk_on_water_one_cm":2391,"minecraft:sprint_one_cm":298,"minecraft:play_time":5967,"minecraft:damage_taken":32,"minecraft:time_since_death":5967,"minecraft:walk_one_cm":2524,"minecraft:sneak_time":134,"minecraft:total_world_time":5967,"minecraft:walk_under_water_one_cm":2355,"minecraft:swim_one_cm":764,"minecraft:drop":1,"minecraft:fall_one_cm":267,"minecraft:fly_one_cm":53158}},"DataVersion":3465}