{"stats":{"minecraft:broken":{"minecraft:iron_pickaxe":1},"minecraft:custom":{"minecraft:time_since_rest":13694,"minecraft:sprint_one_cm":15365,"minecraft:damage_taken":350,"minecraft:walk_one_cm":21461,"minecraft:drop":1,"minecraft:damage_dealt":133,"minecraft:swim_one_cm":42109,"minecraft:interact_with_crafting_table":2,"minecraft:fly_one_cm":22810,"minecraft:open_chest":2,"minecraft:crouch_one_cm":3211,"minecraft:play_time":13694,"minecraft:sneak_time":1689,"minecraft:walk_under_water_one_cm":16676,"minecraft:boat_one_cm":41766,"minecraft:jump":135,"minecraft:time_since_death":13694,"minecraft:walk_on_water_one_cm":4281,"minecraft:climb_one_cm":3182,"minecraft:total_world_time":13694,"minecraft:fall_one_cm":1109},"minecraft:crafted":{"minecraft:jungle_door":3,"minecraft:jungle_chest_boat":1,"minecraft:crafting_table":1,"minecraft:jungle_boat":1,"minecraft:jungle_planks":168},"minecraft:mined":{"projectvibrantjourneys:cattail":1,"minecraft:coarse_dirt":2,"minecraft:jungle_door":14,"horror_element_mod:self_terminated_body":1,"horror_element_mod:beheaded_body":1,"minecraft:jungle_leaves":19,"treechop:chopped_log":4,"minecraft:gold_block":8,"minecraft:crafting_table":2,"minecraft:torch":1,"minecraft:grass":2,"projectvibrantjourneys:twigs":1,"minecraft:grass_block":4,"minecraft:mossy_cobblestone_wall":1,"minecraft:dirt_path":3,"minecraft:sand":23,"immersive_weathering:jungle_leaf_pile":5,"minecraft:tall_grass":2,"minecraft:prismarine":7,"minecraft:dark_prismarine":3,"minecraft:fern":1,"minecraft:seagrass":1,"minecraft:prismarine_bricks":8},"minecraft:picked_up":{"minecraft:crafting_table":1,"minecraft:cocoa_beans":3,"minecraft:stick":7,"minecraft:coarse_dirt":2,"minecraft:jungle_door":15,"minecraft:jungle_log":42,"minecraft:torch":7,"minecraft:gold_block":8,"minecraft:sand":12,"minecraft:prismarine_bricks":6,"minecraft:lily_pad":3,"minecraft:dirt":4,"minecraft:dark_prismarine":3,"minecraft:rotten_flesh":8,"minecraft:wheat_seeds":1,"minecraft:mossy_cobblestone_wall":1,"projectvibrantjourneys:cattail":1,"extinction:fire_axe":1,"minecraft:jungle_sapling":4,"minecraft:prismarine":5,"minecraft:chest":1},"minecraft:used":{"minecraft:jungle_chest_boat":1,"minecraft:iron_hoe":25,"minecraft:bread":9,"minecraft:iron_pickaxe":28,"minecraft:rotten_flesh":1,"minecraft:torch":12,"minecraft:sand":16,"extinction:fire_axe":34,"minecraft:dirt":8,"minecraft:crafting_table":4,"minecraft:jungle_planks":22,"minecraft:jungle_door":32},"minecraft:dropped":{"extinction:fire_axe":1}},"DataVersion":3465}