{"stats":{"minecraft:custom":{"minecraft:time_since_rest":1694,"minecraft:open_chest":2,"minecraft:crouch_one_cm":752,"minecraft:play_time":1694,"minecraft:sprint_one_cm":4100,"minecraft:walk_one_cm":5693,"minecraft:sneak_time":269,"minecraft:jump":16,"minecraft:damage_dealt":3,"minecraft:time_since_death":1694,"minecraft:total_world_time":1694,"minecraft:climb_one_cm":949,"minecraft:fly_one_cm":1984},"minecraft:mined":{"minecraft:grass":1,"minecraft:mossy_cobblestone_wall":1,"minecraft:grass_block":4,"minecraft:dirt_path":1,"minecraft:sand":6,"minecraft:tall_grass":2},"minecraft:picked_up":{"minecraft:mossy_cobblestone_wall":1,"minecraft:sand":2,"minecraft:dirt":4},"minecraft:used":{"minecraft:iron_hoe":4,"minecraft:dirt":2,"minecraft:iron_pickaxe":1}},"DataVersion":3465}