{"stats":{"minecraft:used":{"minecraft:bread":1},"minecraft:mined":{"extinction:wooden_planks":2,"minecraft:gray_stained_glass_pane":4},"minecraft:custom":{"minecraft:jump":152,"minecraft:time_since_rest":6476,"minecraft:leave_game":1,"minecraft:walk_on_water_one_cm":1172,"minecraft:sprint_one_cm":16898,"minecraft:play_time":6476,"minecraft:damage_taken":80,"minecraft:time_since_death":6476,"minecraft:walk_one_cm":8602,"minecraft:sneak_time":40,"minecraft:total_world_time":6476,"minecraft:walk_under_water_one_cm":3155,"minecraft:swim_one_cm":8355,"minecraft:fall_one_cm":3739,"minecraft:fly_one_cm":42941,"minecraft:open_chest":1},"minecraft:picked_up":{"extinction:wooden_planks":1}},"DataVersion":3465}