{"stats":{"minecraft:used":{"extinction:wooden_planks":4,"minecraft:bread":2,"minecraft:zombie_spawn_egg":2},"minecraft:mined":{"extinction:wooden_planks":2,"minecraft:gray_stained_glass_pane":2},"minecraft:custom":{"minecraft:open_chest":1,"minecraft:time_since_rest":14714,"minecraft:crouch_one_cm":312,"minecraft:play_time":14714,"minecraft:sprint_one_cm":20646,"minecraft:damage_taken":97,"minecraft:walk_one_cm":12839,"minecraft:sneak_time":95,"minecraft:walk_under_water_one_cm":3276,"minecraft:mob_kills":1,"minecraft:jump":173,"minecraft:leave_game":1,"minecraft:time_since_death":14714,"minecraft:walk_on_water_one_cm":2424,"minecraft:total_world_time":14714,"minecraft:swim_one_cm":393,"minecraft:fall_one_cm":2997,"minecraft:fly_one_cm":36715},"minecraft:picked_up":{"minecraft:rotten_flesh":1,"extinction:wooden_planks":3},"minecraft:killed":{"minecraft:zombie":1}},"DataVersion":3465}