{"stats":{"minecraft:custom":{"minecraft:time_since_rest":16981,"minecraft:walk_one_cm":50791,"minecraft:sprint_one_cm":5789,"minecraft:damage_taken":1450,"minecraft:damage_absorbed":2550,"minecraft:damage_blocked_by_shield":320,"minecraft:mob_kills":57,"minecraft:damage_dealt_absorbed":3,"minecraft:swim_one_cm":2858,"minecraft:fly_one_cm":42330,"minecraft:crouch_one_cm":9687,"minecraft:play_time":16981,"minecraft:sneak_time":2524,"minecraft:walk_under_water_one_cm":16873,"minecraft:jump":103,"minecraft:damage_dealt_resisted":1812,"minecraft:walk_on_water_one_cm":11245,"minecraft:time_since_death":16981,"minecraft:total_world_time":16981,"minecraft:damage_resisted":1002,"minecraft:fall_one_cm":1445,"minecraft:horse_one_cm":31675},"minecraft:picked_up":{"minecraft:feather":5,"minecraft:chicken":3,"minecraft:leather":2,"extinction:police_equipment_chestplate":1,"minecraft:porkchop":10,"pointblank:gunmetal_nugget":24,"extinction:riot_shieldii":1,"extinction:gas_mask_helmet":1,"extinction:fabric":3,"minecraft:rotten_flesh":7,"extinction:hazmat_suit_chestplate":1,"minecraft:saddle":2,"apocalypsenow:brazilian_army_helmet":1,"immersive_weathering:tallow":8},"minecraft:used":{"extinction:hazmat_suit_chestplate":4,"extinction:riot_shieldii":4,"minecraft:horse_spawn_egg":4,"apocalypsenow:brazilian_army_helmet":3,"lrarmor:defender_chestplate":4,"extinction:gas_mask_helmet":3,"minecraft:enchanted_golden_apple":21},"minecraft:broken":{"lrarmor:defender_helmet":1,"extinction:riot_shieldii":1,"extinction:gas_mask_helmet":1,"apocalypsenow:brazilian_army_helmet":1,"lrarmor:defender_boots":1,"lrarmor:defender_leggings":1},"minecraft:killed":{"minecraft:horse":3,"minecraft:zombie":11,"extinction:goon":1,"minecraft:pig":4,"minecraft:chicken":3,"extinction:patient_zero":1,"extinction:boomer":1,"extinction:infected_soldier":4,"extinction:soldier_clicker":3,"minecraft:drowned":1,"extinction:hunter":3,"extinction:runner":4,"extinction:infected_police":2,"extinction:parasite":1,"extinction:infected_riot_gear":1,"extinction:infected_hazmat":6,"extinction:runner_ii":8}},"DataVersion":3465}