{"stats":{"minecraft:custom":{"minecraft:time_since_rest":14837,"minecraft:sprint_one_cm":9079,"minecraft:damage_taken":643,"minecraft:walk_one_cm":15064,"minecraft:damage_dealt":290,"minecraft:interact_with_crafting_table":1,"minecraft:swim_one_cm":48274,"minecraft:fly_one_cm":13317,"minecraft:open_chest":2,"minecraft:crouch_one_cm":97,"minecraft:play_time":14837,"minecraft:sneak_time":153,"minecraft:walk_under_water_one_cm":8349,"minecraft:boat_one_cm":53077,"minecraft:jump":107,"minecraft:leave_game":1,"minecraft:time_since_death":14837,"minecraft:walk_on_water_one_cm":3066,"minecraft:climb_one_cm":4181,"minecraft:total_world_time":14837,"minecraft:fall_one_cm":3258},"minecraft:crafted":{"minecraft:crafting_table":1,"minecraft:jungle_boat":1,"minecraft:jungle_planks":8,"minecraft:wheat":36},"minecraft:mined":{"minecraft:hay_block":4,"minecraft:jungle_door":3,"minecraft:jungle_leaves":4,"treechop:chopped_log":3,"minecraft:crafting_table":1,"minecraft:cornflower":1,"minecraft:grass":4,"minecraft:grass_block":1,"minecraft:cocoa":1,"minecraft:jungle_planks":7,"minecraft:vine":5,"minecraft:chest":4,"minecraft:sand":4,"immersive_weathering:jungle_leaf_pile":11,"minecraft:wall_torch":2,"minecraft:fern":5},"minecraft:picked_up":{"minecraft:cocoa_beans":9,"minecraft:stick":8,"minecraft:crafting_table":1,"minecraft:jungle_boat":1,"minecraft:jungle_door":2,"minecraft:chicken":6,"minecraft:jungle_log":15,"minecraft:torch":3,"minecraft:sand":13,"minecraft:jungle_planks":7,"minecraft:cornflower":1,"minecraft:dirt":2,"minecraft:magenta_wool":1,"minecraft:pufferfish":1,"minecraft:wheat_seeds":2,"minecraft:hay_block":4,"minecraft:jungle_sapling":6,"projectvibrantjourneys:orange_bark_mushroom":1,"minecraft:chest":3,"minecraft:white_wool":1},"minecraft:used":{"minecraft:bread":12,"minecraft:jungle_boat":2,"minecraft:torch":20,"extinction:fire_axe":95,"minecraft:crafting_table":2,"minecraft:jungle_door":2}},"DataVersion":3465}