{"stats":{"minecraft:killed":{"minecraft:zombie":13,"extinction:patient_zero":2,"extinction:infected_soldier":1,"minecraft:spider":1,"extinction:soldier_clicker":1,"mutantmonsters:mutant_zombie":1,"mutantmonsters:mutant_creeper":1,"extinction:infected_police":4,"zombiekit:drone":1,"extinction:infected_hazmat":5,"extinction:runner_ii":1,"minecraft:cow":3},"minecraft:picked_up":{"extinction:marine_helmet":1,"minecraft:leather":5,"minecraft:potato":1,"zombiekit:drone_components":1,"minecraft:packed_mud":16,"pointblank:gunmetal_nugget":12,"extinction:marine_boots":1,"mutantmonsters:creeper_shard":1,"mutantmonsters:hulk_hammer":1,"minecraft:rotten_flesh":2,"immersive_weathering:earthen_clay":25,"minecraft:wheat_seeds":2,"minecraft:beef":9,"extinction:hazmat_suit_chestplate":1,"minecraft:rooted_dirt":14,"minecraft:coal":3,"minecraft:cobblestone":17},"minecraft:mined":{"minecraft:grass":1,"minecraft:tall_grass":4},"minecraft:custom":{"minecraft:time_since_rest":16663,"minecraft:walk_one_cm":42230,"minecraft:sprint_one_cm":27109,"minecraft:damage_taken":933,"minecraft:damage_absorbed":388,"minecraft:mob_kills":35,"minecraft:damage_dealt_absorbed":80,"minecraft:fly_one_cm":60153,"minecraft:crouch_one_cm":1018,"minecraft:play_time":16663,"minecraft:sneak_time":459,"minecraft:jump":154,"minecraft:damage_dealt_resisted":750,"minecraft:leave_game":1,"minecraft:time_since_death":16663,"minecraft:total_world_time":16663,"minecraft:fall_one_cm":1957,"minecraft:horse_one_cm":338},"minecraft:used":{"mutantsbuff:mutant_charged_creeper_spawn_egg":2,"minecraft:grass_block":2,"extinction:supply_drop":4,"minecraft:golden_apple":10,"mutantmonsters:mutant_zombie_spawn_egg":2,"mutantsbuff:charged_hammer":2,"mutantmonsters:hulk_hammer":3,"zombiekit:drone_summon":2,"minecraft:acacia_wood":2,"mutantsbuff:upgraded_hulk_hammer":2,"extinction:speed_syringe":1}},"DataVersion":3465}