{"stats":{"minecraft:custom":{"minecraft:jump":14,"minecraft:time_since_rest":4981,"minecraft:damage_taken":20,"minecraft:crouch_one_cm":173,"minecraft:sprint_one_cm":2607,"minecraft:play_time":4981,"minecraft:time_since_death":4981,"minecraft:walk_one_cm":2576,"minecraft:sneak_time":17,"minecraft:total_world_time":4981,"minecraft:mob_kills":9,"minecraft:fly_one_cm":870,"minecraft:horse_one_cm":31675},"minecraft:picked_up":{"minecraft:porkchop":10,"minecraft:feather":5,"minecraft:saddle":2,"minecraft:chicken":3,"minecraft:leather":2,"immersive_weathering:tallow":8},"minecraft:used":{"minecraft:horse_spawn_egg":4},"minecraft:killed":{"minecraft:pig":4,"minecraft:horse":2,"minecraft:chicken":3}},"DataVersion":3465}