{"stats":{"minecraft:used":{"apocalypsenow:wooden_fire_axe":2},"minecraft:killed":{"extinction:runner_ii":1},"minecraft:custom":{"minecraft:jump":5,"minecraft:time_since_rest":15308,"minecraft:damage_dealt":201,"minecraft:sprint_one_cm":938,"minecraft:play_time":15308,"minecraft:damage_taken":238,"minecraft:time_since_death":15308,"minecraft:walk_one_cm":169,"minecraft:total_world_time":15308,"minecraft:mob_kills":1,"minecraft:fly_one_cm":498},"minecraft:picked_up":{"pointblank:gunmetal_nugget":4,"minecraft:rotten_flesh":1}},"DataVersion":3465}