{"stats":{"minecraft:custom":{"minecraft:jump":24,"minecraft:time_since_rest":11775,"minecraft:crouch_one_cm":98,"minecraft:damage_taken":22,"minecraft:sprint_one_cm":990,"minecraft:play_time":11775,"minecraft:time_since_death":11775,"minecraft:walk_one_cm":6673,"minecraft:sneak_time":12,"minecraft:total_world_time":11775,"minecraft:drop":1,"minecraft:fly_one_cm":146},"minecraft:used":{"minecraft:oak_log":4,"apocalypsenow:wooden_fire_axe":1,"minecraft:grass_block":2},"minecraft:picked_up":{"walkietalkie:diamond_walkietalkie":1},"minecraft:dropped":{"walkietalkie:diamond_walkietalkie":1}},"DataVersion":3465}