{"stats":{"minecraft:custom":{"minecraft:jump":22,"minecraft:open_chest":2,"minecraft:time_since_rest":2837,"minecraft:sprint_one_cm":1942,"minecraft:leave_game":1,"minecraft:play_time":2837,"minecraft:damage_taken":33,"minecraft:time_since_death":2837,"minecraft:walk_one_cm":1146,"minecraft:sneak_time":4,"minecraft:climb_one_cm":3375,"minecraft:total_world_time":2837,"minecraft:fall_one_cm":1388,"minecraft:fly_one_cm":1766},"minecraft:mined":{"minecraft:grass":1,"minecraft:sand":3},"minecraft:picked_up":{"minecraft:sand":6,"minecraft:dirt":1}},"DataVersion":3465}