{
  "minecraft:recipes/combat/iron_leggings": {
    "criteria": {
      "has_iron_ingot": "2024-11-22 01:55:05 +0000"
    },
    "done": true
  },
  "walkietalkie:walkietalkie/diamond_walkietalkie": {
    "criteria": {
      "requirement": "2024-11-22 01:53:47 +0000"
    },
    "done": true
  },
  "minecraft:recipes/misc/blue_dye": {
    "criteria": {
      "has_lapis_lazuli": "2024-11-22 01:55:05 +0000"
    },
    "done": true
  },
  "minecraft:recipes/combat/iron_chestplate": {
    "criteria": {
      "has_iron_ingot": "2024-11-22 01:55:05 +0000"
    },
    "done": true
  },
  "zombiekit:zombie_kit": {
    "criteria": {
      "zombie_kit": "2024-11-22 01:53:44 +0000"
    },
    "done": true
  },
  "minecraft:recipes/building_blocks/lapis_block": {
    "criteria": {
      "has_lapis_lazuli": "2024-11-22 01:55:05 +0000"
    },
    "done": true
  },
  "undead_revamp2:theundeadchallenges": {
    "criteria": {
      "theundeadchallenges_0": "2024-11-22 01:53:44 +0000"
    },
    "done": true
  },
  "minecraft:recipes/misc/iron_nugget": {
    "criteria": {
      "has_iron_ingot": "2024-11-22 01:55:05 +0000"
    },
    "done": true
  },
  "walkietalkie:walkietalkie/root": {
    "criteria": {
      "requirement": "2024-11-22 01:53:47 +0000"
    },
    "done": true
  },
  "minecraft:recipes/misc/bucket": {
    "criteria": {
      "has_iron_ingot": "2024-11-22 01:55:05 +0000"
    },
    "done": true
  },
  "minecraft:recipes/combat/iron_helmet": {
    "criteria": {
      "has_iron_ingot": "2024-11-22 01:55:05 +0000"
    },
    "done": true
  },
  "minecraft:recipes/transportation/minecart": {
    "criteria": {
      "has_iron_ingot": "2024-11-22 01:55:05 +0000"
    },
    "done": true
  },
  "minecraft:recipes/tools/iron_hoe": {
    "criteria": {
      "has_iron_ingot": "2024-11-22 01:55:05 +0000"
    },
    "done": true
  },
  "immersive_weathering:recipes/iron_nugget": {
    "criteria": {
      "has_copper_block": "2024-11-22 01:55:05 +0000"
    },
    "done": true
  },
  "minecraft:story/smelt_iron": {
    "criteria": {
      "iron": "2024-11-22 01:55:05 +0000"
    },
    "done": true
  },
  "minecraft:recipes/decorations/crafting_table": {
    "criteria": {
      "unlock_right_away": "2024-11-22 01:53:44 +0000"
    },
    "done": true
  },
  "minecraft:recipes/decorations/chest": {
    "criteria": {
      "has_lots_of_items": "2024-11-22 01:55:04 +0000"
    },
    "done": true
  },
  "minecraft:recipes/tools/shears": {
    "criteria": {
      "has_iron_ingot": "2024-11-22 01:55:05 +0000"
    },
    "done": true
  },
  "minecraft:recipes/building_blocks/emerald_block": {
    "criteria": {
      "has_emerald": "2024-11-22 01:55:05 +0000"
    },
    "done": true
  },
  "minecraft:recipes/transportation/cherry_boat": {
    "criteria": {
      "in_water": "2024-11-22 01:54:54 +0000"
    },
    "done": true
  },
  "minecraft:recipes/decorations/chain": {
    "criteria": {
      "has_iron_ingot": "2024-11-22 01:55:05 +0000"
    },
    "done": true
  },
  "astikorcarts:recipes/supply_cart": {
    "criteria": {
      "has_wheel": "2024-11-22 01:53:47 +0000"
    },
    "done": true
  },
  "minecraft:recipes/building_blocks/iron_block": {
    "criteria": {
      "has_iron_ingot": "2024-11-22 01:55:05 +0000"
    },
    "done": true
  },
  "farmersdelight:recipes/decorations/cooking_pot": {
    "criteria": {
      "has_iron_ingot": "2024-11-22 01:55:05 +0000"
    },
    "done": true
  },
  "pointblank:recipes/misc/printer": {
    "criteria": {
      "has_iron": "2024-11-22 01:55:05 +0000"
    },
    "done": true
  },
  "minecraft:recipes/transportation/bamboo_raft": {
    "criteria": {
      "in_water": "2024-11-22 01:54:54 +0000"
    },
    "done": true
  },
  "minecraft:recipes/decorations/smithing_table": {
    "criteria": {
      "has_iron_ingot": "2024-11-22 01:55:05 +0000"
    },
    "done": true
  },
  "immersive_weathering:recipes/iron_ingot": {
    "criteria": {
      "has_copper_block": "2024-11-22 01:55:05 +0000"
    },
    "done": true
  },
  "minecraft:recipes/misc/coast_armor_trim_smithing_template_smithing_trim": {
    "criteria": {
      "has_smithing_trim_template": "2024-11-22 01:55:04 +0000"
    },
    "done": true
  },
  "minecraft:recipes/transportation/spruce_boat": {
    "criteria": {
      "in_water": "2024-11-22 01:54:54 +0000"
    },
    "done": true
  },
  "zombiekit:grant_book_on_first_join": {
    "criteria": {
      "tick": "2024-11-22 01:53:44 +0000"
    },
    "done": true
  },
  "minecraft:recipes/transportation/birch_boat": {
    "criteria": {
      "in_water": "2024-11-22 01:54:54 +0000"
    },
    "done": true
  },
  "minecraft:recipes/transportation/oak_boat": {
    "criteria": {
      "in_water": "2024-11-22 01:54:54 +0000"
    },
    "done": true
  },
  "minecraft:recipes/combat/iron_sword": {
    "criteria": {
      "has_iron_ingot": "2024-11-22 01:55:05 +0000"
    },
    "done": true
  },
  "minecraft:recipes/tools/iron_pickaxe": {
    "criteria": {
      "has_iron_ingot": "2024-11-22 01:55:05 +0000"
    },
    "done": true
  },
  "minecraft:recipes/transportation/mangrove_boat": {
    "criteria": {
      "in_water": "2024-11-22 01:54:54 +0000"
    },
    "done": true
  },
  "minecraft:recipes/combat/shield": {
    "criteria": {
      "has_iron_ingot": "2024-11-22 01:55:05 +0000"
    },
    "done": true
  },
  "minecraft:recipes/redstone/hopper": {
    "criteria": {
      "has_iron_ingot": "2024-11-22 01:55:05 +0000"
    },
    "done": true
  },
  "minecraft:recipes/decorations/iron_bars": {
    "criteria": {
      "has_iron_ingot": "2024-11-22 01:55:05 +0000"
    },
    "done": true
  },
  "astikorcarts:recipes/plow": {
    "criteria": {
      "has_wheel": "2024-11-22 01:53:47 +0000"
    },
    "done": true
  },
  "minecraft:recipes/combat/iron_boots": {
    "criteria": {
      "has_iron_ingot": "2024-11-22 01:55:05 +0000"
    },
    "done": true
  },
  "astikorcarts:recipes/animal_cart": {
    "criteria": {
      "has_wheel": "2024-11-22 01:53:47 +0000"
    },
    "done": true
  },
  "minecraft:recipes/decorations/lantern": {
    "criteria": {
      "has_iron_ingot": "2024-11-22 01:55:05 +0000"
    },
    "done": true
  },
  "minecraft:recipes/tools/iron_shovel": {
    "criteria": {
      "has_iron_ingot": "2024-11-22 01:55:05 +0000"
    },
    "done": true
  },
  "farmersdelight:main/root": {
    "criteria": {
      "seeds": "2024-11-22 01:53:47 +0000"
    },
    "done": true
  },
  "minecraft:recipes/misc/coast_armor_trim_smithing_template": {
    "criteria": {
      "has_coast_armor_trim_smithing_template": "2024-11-22 01:55:04 +0000"
    },
    "done": true
  },
  "cold_sweat:root": {
    "criteria": {
      "requirement": "2024-11-22 01:53:44 +0000"
    },
    "done": true
  },
  "walkietalkie:walkietalkie/netherite_walkietalkie": {
    "criteria": {
      "requirement": "2024-11-22 01:57:14 +0000"
    },
    "done": true
  },
  "wythers:world_explorer": {
    "criteria": {
      "wythers:humid_tropical_grassland": "2024-11-22 01:57:17 +0000",
      "wythers:tropical_beach": "2024-11-22 01:53:47 +0000",
      "wythers:subtropical_forest": "2024-11-22 01:58:05 +0000"
    },
    "done": false
  },
  "minecraft:recipes/transportation/acacia_boat": {
    "criteria": {
      "in_water": "2024-11-22 01:54:54 +0000"
    },
    "done": true
  },
  "minecraft:recipes/redstone/iron_trapdoor": {
    "criteria": {
      "has_iron_ingot": "2024-11-22 01:55:05 +0000"
    },
    "done": true
  },
  "minecraft:recipes/tools/iron_axe": {
    "criteria": {
      "has_iron_ingot": "2024-11-22 01:55:05 +0000"
    },
    "done": true
  },
  "minecraft:recipes/combat/crossbow": {
    "criteria": {
      "has_iron_ingot": "2024-11-22 01:55:05 +0000"
    },
    "done": true
  },
  "minecraft:adventure/adventuring_time": {
    "criteria": {
      "minecraft:lukewarm_ocean": "2024-11-22 01:57:00 +0000"
    },
    "done": false
  },
  "farmersdelight:recipes/combat/iron_knife": {
    "criteria": {
      "has_iron_ingot": "2024-11-22 01:55:05 +0000"
    },
    "done": true
  },
  "minecraft:recipes/redstone/iron_door": {
    "criteria": {
      "has_iron_ingot": "2024-11-22 01:55:05 +0000"
    },
    "done": true
  },
  "minecraft:recipes/misc/iron_ingot_from_nuggets": {
    "criteria": {
      "has_iron_nugget": "2024-11-22 01:55:05 +0000"
    },
    "done": true
  },
  "minecraft:recipes/transportation/jungle_boat": {
    "criteria": {
      "in_water": "2024-11-22 01:54:54 +0000"
    },
    "done": true
  },
  "minecraft:recipes/redstone/heavy_weighted_pressure_plate": {
    "criteria": {
      "has_iron_ingot": "2024-11-22 01:55:05 +0000"
    },
    "done": true
  },
  "minecraft:recipes/transportation/dark_oak_boat": {
    "criteria": {
      "in_water": "2024-11-22 01:54:54 +0000"
    },
    "done": true
  },
  "DataVersion": 3465
}